Name,Website,Phone,Address,Category,Description,Email
Cheep Cheep Postcards - Direct Mail Advertising,No website,No phone available,No address available,Digital Marketing Agencies,Not available,Email not available
Digital Marketing Agency,http://sarasota-marketing.com,(956) 250-9410,"3775 S Vermont Ave, Los Angeles, CA 90007",Digital Marketing Agencies,Not available,Email not available
Beattie Cole Digital Marketing Agency,No website,(213) 935-8532,"1428 Echo Park Ave, Los Angeles, CA 90026",Digital Marketing Agencies,Not available,Email not available
Comrade Digital Marketing Agency Los Angeles,https://comradeweb.com/digital-marketing-agency-la,(323) 760-7747,"1735 N Normandie Ave, Los Angeles, CA 90027",Digital Marketing Agencies,Not available,Email not available
New York Digital Marketing Agency,http://newyorkdigitalmarketingagency.net,(516) 614-3607,"4624 W Washington Blvd, Los Angeles, CA 90016",Digital Marketing Agencies,Not available,Email not available
Promotion La Digital Marketing Agency,No website,(310) 405-7598,"10401 Santa Monica Blvd, Los Angeles, CA 90025",Digital Marketing Agencies,Not available,Email not available
Bullfrog Digital Marketing Agency & SEO Company,https://bullfrogagency.com,(323) 920-0350,"11306 Moorpark St., Los Angeles, CA 91602",Digital Marketing Agencies,Not available,Email not available
Mera Group Digital Marketing & Creative Agency,No website,(818) 582-8709,"PO Box 411913, Los Angeles, CA 90041",Digital Marketing Agencies,Not available,Email not available
icepop Digital Marketing Agency,https://www.icepop.co,(310) 800-1753,"8306 Wilshire Blvd # 873, Beverly Hills, CA 90211",Digital Marketing Agencies,Not available,Email not available
Intrepid Digital,https://www.intrepidonline.com,(323) 763-9706,"515 South Flower Street 18th And 19th Floors, Los Angeles, CA 90071",Digital Marketing Agencies,Not available,Email not available
JEMSU Los Angeles SEO & Digital Advertising,https://jemsu.com/los-angeles-seo,(323) 214-3410,"445 S Figueroa St Ste 3100, Los Angeles, CA 90071",Digital Marketing Agencies,Not available,Email not available
Amplitude Digital Inc,https://amplitudeagency.com,(213) 973-2002,"5792 W Jefferson Blvd #2149, Los Angeles, CA 90016",Digital Marketing Agencies,Not available,Email not available
Brill Media I Digital Advertising,https://brillmedia.co,(800) 488-1973,"10880 Wilshire Blvd Ste 1101, Los Angeles, CA 90024",Digital Marketing Agencies,Not available,Email not available
Digital Vitality,https://www.digital-vitality.com,(424) 248-9433,"10880 Wilshire Blvd Ste 2230, Los Angeles, CA 90024",Digital Marketing Agencies,Not available,Email not available
Nitro Plug Digital Marketing,https://www.nitroplug.com,(888) 983-1230,"811 Wilshire Blvd, Los Angeles, CA 90017",Digital Marketing Agencies,Not available,Email not available
Firespoke Digital Media,No website,(323) 206-0491,"12100 Wilshire Blvd, Los Angeles, CA 90025",Digital Marketing Agencies,Not available,Email not available
Avozar Advertising,http://www.avozar.com,(323) 766-8844,"1317 W 11th St, Los Angeles, CA 90015",Digital Marketing Agencies,Not available,Email not available
8 Digital Marketing Agency,http://www.8-digitalmarketing.com,(310) 461-6515,"15000 Downey ave, Paramount, CA 90723",Digital Marketing Agencies,Not available,Email not available
Navazon Digital Marketing Agency - SEO Company & Video Production - Los Angeles CA,https://navazondigital.com,(818) 534-2200,"20700 Ventura Blvd Ste 128, Woodland Hills, CA 91364",Digital Marketing Agencies,Not available,Email not available
Melleka Marketing - A Digital Marketing Agency,https://www.melleka.com,(818) 599-2696,"21900 Burbank Blvd Ste 3054, Woodland Hills, CA 91367",Digital Marketing Agencies,Not available,Email not available
COLAB Digital Marketing Agency Los Angeles,https://colablosangeles.com,(888) 247-5055,"21300 Victory Blvd, Woodland Hills, CA 91367",Digital Marketing Agencies,Not available,Email not available
Smart Vizio Los Angeles SEO and Digital Marketing Agency,No website,(818) 914-8483,"6110 Nevada Ave Apt 213, Woodland Hills, CA 91367",Digital Marketing Agencies,Not available,Email not available
Adlab-Digital Marketing Agency,No website,(800) 733-4633,"5158 Clareton Dr, Agoura Hills, CA 91301",Digital Marketing Agencies,Not available,Email not available
Le Cherry Creative Digital Marketing Agency Los Angeles Ca,No website,(714) 334-3530,"21411 Bowsprit Ln, Huntington Beach, CA 92646",Digital Marketing Agencies,Not available,Email not available
Xivic Digital Agency,https://www.xivic.com,(323) 525-0108,"925 N La Brea Ave, West Hollywood, CA 90038",Digital Marketing Agencies,Not available,Email not available
CMC Digital Media Inc.,No website,(323) 588-0008,"3170 E Slauson Ave, Vernon, CA 90058",Digital Marketing Agencies,Not available,Email not available
Flash Digital Agency,No website,(323) 451-2677,"8549 Wilshire Blvd suite 426, Beverly Hills, CA 90211",Digital Marketing Agencies,Not available,Email not available
Look And Sound Digital Agency,http://lookandsound.com,(213) 245-1057,"13437 Ventura Blvd, Sherman Oaks, CA 91423",Digital Marketing Agencies,Not available,Email not available
LAS Digital Agency,https://lasagency.com,(213) 245-1057,"14011 Ventura Blvd. Ste 402, Sherman Oaks, CA 91423",Digital Marketing Agencies,Not available,Email not available
Digital Visibility Concepts,http://www.digitalvisibilityconcepts.com,(800) 589-7346,"2600 W Olive Ave Ste 500, Burbank, CA 91505",Digital Marketing Agencies,Not available,Email not available
Geoklix Digital Marketing,https://www.geoklix.com,(888) 238-7576,"468 N Camden Dr, Beverly Hills, CA 90210",Digital Marketing Agencies,Not available,Email not available
California Beacons,No website,No phone available,No address available,Digital Marketing Agencies,Not available,Email not available
Cheep Cheep Postcards - Direct Mail Advertising,No website,No phone available,No address available,Digital Marketing Agencies,Not available,Email not available
Analyze This Marketing Agency,No website,(323) 451-2256,"6080 Center Dr, Los Angeles, CA 90045",Digital Marketing Agencies,Not available,Email not available
"HireInfluence, Inc. - Influencer Marketing Agency",https://hireinfluence.com,(800) 535-4732,"3415 S Sepulveda Blvd Ste 1100, Los Angeles, CA 90034",Digital Marketing Agencies,Not available,Email not available
777 Inc,No website,(310) 216-0999,"8939 S Sepulveda Blvd, Los Angeles, CA 90045",Digital Marketing Agencies,Not available,Email not available
Rambo House (Marketing & Events Firm),https://rambohousemedia.com,(310) 971-9221,"9100 S Sepulveda Blvd, Los Angeles, CA 90045",Digital Marketing Agencies,Not available,Email not available
The Search Agency,http://www.thesearchagency.com,(310) 873-5700,"11150 W Olympic Blvd Ste 600, Los Angeles, CA 90064",Digital Marketing Agencies,Not available,Email not available
The Marketing Arm,https://www.themarketingarm.com,(310) 754-4300,"12777 W Jefferson Blvd, Los Angeles, CA 90066",Digital Marketing Agencies,Not available,Email not available
Redpeg Marketing-Los Angeles,http://redpegmarketing.com,(310) 962-2522,"12777 W Jefferson Blvd, Los Angeles, CA 90066",Digital Marketing Agencies,Not available,Email not available
Art House Marketing,No website,(424) 228-4050,"4236 Moore St, Los Angeles, CA 90066",Digital Marketing Agencies,Not available,Email not available
Funke Agency,http://thefunkeagency.com/contact-us,(310) 980-6009,"15600 Mulholland Dr, Los Angeles, CA 90077",Digital Marketing Agencies,Not available,Email not available
Magnetic Sky,No website,(424) 262-1726,No address available,Digital Marketing Agencies,Not available,Email not available
What is marketing agency,http://whatismarketing.co,(855) 462-5323,No address available,Digital Marketing Agencies,Not available,Email not available
21 Connect Media,No website,(478) 396-7127,No address available,Digital Marketing Agencies,Not available,Email not available
Intrepid Digital,https://www.intrepidonline.com,(323) 763-9706,"515 South Flower Street 18th And 19th Floors, Los Angeles, CA 90071",Digital Marketing Agencies,Not available,Email not available
JEMSU Los Angeles SEO & Digital Advertising,https://jemsu.com/los-angeles-seo,(323) 214-3410,"445 S Figueroa St Ste 3100, Los Angeles, CA 90071",Digital Marketing Agencies,Not available,Email not available
Avozar Advertising,http://www.avozar.com,(323) 766-8844,"1317 W 11th St, Los Angeles, CA 90015",Digital Marketing Agencies,Not available,Email not available
Amplitude Digital Inc,https://amplitudeagency.com,(213) 973-2002,"5792 W Jefferson Blvd #2149, Los Angeles, CA 90016",Digital Marketing Agencies,Not available,Email not available
Brill Media I Digital Advertising,https://brillmedia.co,(800) 488-1973,"10880 Wilshire Blvd Ste 1101, Los Angeles, CA 90024",Digital Marketing Agencies,Not available,Email not available
